,Company,Location,Salary,Summary,Title,Salary_avg,City,State
7,Oliver James Associates,"New York, NY","$165,000 a year",3+ years of exposure working with Predictive modellers and Data Scientist. The program manager will be working closely with Predictive modellers and Data...,"Program Manager - Data Science - New York City - $165,000",165000.0,New York,NY
22,Centers for Disease Control and Prevention,"Atlanta, GA","$88,305 - $114,802 a year","As a Behavioral Scientist you will:. Collects, analyzes and interprets data using appropriate quantitative and qualitative methods....",Behavioral Scientist,101553.5,Atlanta,GA
24,Centers for Disease Control and Prevention,"Atlanta, GA","$88,305 - $114,802 a year","Applying principles, theories and methodology of statistical and demographic analysis of data from population surveys and administrative records....",Statistician (Health),101553.5,Atlanta,GA
37,Emory University,"Atlanta, GA","$85,500 a year","Staff Scientists will have leadership responsibilities, and will oversee quality and training of other team members....",Staff Scientist (Goldsmith Lab),85500.0,Atlanta,GA
83,Stackfolio,"Atlanta, GA 30308 (Old Fourth Ward area)","$80,000 a year",We are looking for a bright and experienced data scientist that has experience building web-based applications and systems to join our team as an early...,Lead Data Scientist,80000.0,Atlanta,GA
85,Analytic Recruiting,"Atlanta, GA","$100,000 - $125,000 a year","Python, data mining, data science; The data Scientist must also be able to manage complicated projects involving multiple internal/external stakeholders and...",Senior Data Scientist,112500.0,Atlanta,GA
141,Analytic Recruiting,"Atlanta, GA","$70,000 - $145,000 a year","Data Scientist, Supply Chain sought by Fortune 500 company to be part of a leading-edge predictive and prescriptive analytics....",Data Scientist - Supply Chain,107500.0,Atlanta,GA
159,SearchBankingJobs,"Atlanta, GA","$150,000 - $205,000 a year","The client is looking for talented individuals who love data, love solving business problems, and want to see their recommendations in action....",Lead Quantitative Analyst,177500.0,Atlanta,GA
169,Georgia Department of Public Health,"Atlanta, GA","$24,000 a year","Under broad supervision, assists technicians and laboratory scientists with data or specimen collection and laboratory procedures....",Laboratory Aide 3,24000.0,Atlanta,GA
217,Synergy Search Group,"Atlanta, GA","$80,000 a year","Duties will include data conversion from multiple systems into analytical software such as ACL, using data analytical techniques to validate the integrity of...",Audit Snr (Banking) - Data Analysis 60K-80K,80000.0,Atlanta,GA
306,Emory University,"Atlanta, GA","$66,700 a year","Responsible for post award processing of grants and contracts in the Office of Grants & Contracts. Provide account management, reconciliation, and resolution",Sponsored Research Financial Analyst,66700.0,Atlanta,GA
311,CSTE,"Atlanta, GA 30341","$51,706 a year","Skills with developing and presenting epidemiologic data; For more than six decades, the Council of State and Territorial Epidemiologists (CSTE) and the Centers...",Associate Research Analyst,51706.0,Atlanta,GA
319,Interesse International Inc,"Atlanta, GA","$60,000 - $70,000 a year",Estimate numerical data; Must see through the data and analyze data to find conclusion; Works with large amounts of data:....,Market Research & Sales Analyst,65000.0,Atlanta,GA
1509,Intechriti,"San Jose, CA","$160,000 a year","Responsibilities for Data Scientist:. Desired Skills and Experience for Data Scientist:. Looking to add a passionate Data Scientist, who is enthusiastic in...",Data Scientist (IoT Network Security),160000.0,San Jose,CA
1529,TERADEEP INC.,"Campbell, CA","$40,000 - $80,000 a year",Large Scale Data Extraction and Preparation. Your work will be hosted on our proprietary FPGA-based servers and made visible to hyperscale data centers across...,Machine Learning / Deep Learning Internship(s),60000.0,Campbell,CA
1557,Umpqua Bank,"Palo Alto, CA","$100,000 - $160,000 a year",You have demonstrated experience as a data scientist working with broad requirements to deliver commercially applicable analytics....,Pivotus Ventures - Data Scientist - Palo Alto,130000.0,Palo Alto,CA
1565,Phoenix 2.0,"Palo Alto, CA","$175,000 a year","You will be working with a group of world-class data scientists, big data engineers, architects and technology leaders to build scalable breakthrough features...",Big Data Engineer,175000.0,Palo Alto,CA
1569,TERADEEP INC.,"Campbell, CA","$120,000 - $160,000 a year",Large Scale Data Extraction and Preparation. Develops Deep Learning HW & SW Acceleration solutions for datacenter applications....,STAFF DATA SCIENTIST / DEEP LEARNING,140000.0,Campbell,CA
1572,Better Staffing Solutions,"Santa Clara, CA","$190,000 a year",We are seeking a scientist and engineer who is passionate about curating text and data. We are developing large corpora of textual training and testing data for...,Corpus Linguist,190000.0,Santa Clara,CA
1603,Workbridge Associates,"Palo Alto, CA","$80,000 - $120,000 a year",A company specializing in marketing data analytics is looking for a Python data scientist to add to their growing team....,Data Scientist,100000.0,Palo Alto,CA
1632,Jobspring Partners,"San Jose, CA 95113 (Downtown area)","$180,000 - $230,000 a year",They are hiring for a Head of Data Science and Analytics to lead a team of data engineers and data scientists that develop the data processing engine that...,Head of Data Science,205000.0,San Jose,CA
1664,Jobspring Partners,"San Jose, CA 95113 (Downtown area)","$150,000 - $180,000 a year","A fast growing IoT Security company is looking for a Data Scientist and is willing to pay up to $180,000. There will be many roles filled over the next few...",Data Scientist,165000.0,San Jose,CA
1679,Workbridge Associates,"San Jose, CA 95113 (Downtown area)","$100,000 - $200,000 a year","This Data Scientist will collect, organize and analyze data for this multimedia marketing company. Knowledge of Big Data techniques (MapReduce, Hive/Hadoop,...",Senior Data Scientist,150000.0,San Jose,CA
1685,Smith Hanley Associates,"San Jose, CA","$75,000 - $85,000 a year",The data scientist Senior Analyst should also be aware of data analysis and predictive modeling best practices and drive innovation in these areas within the...,Senior Data Scientist,80000.0,San Jose,CA
1693,EOS DA,"Menlo Park, CA","$150,000 - $180,000 a year","EOSDA employs over 40 data scientist, computer vision engineers, and software developers. Primary market sectors are utilities, environmental, insurance, and...",Director Business Development,165000.0,Menlo Park,CA
1707,Harnham,"Palo Alto, CA","$200,000 a year","Data Science, Data Scientist, Head of, VP, Big Data, R, SQL, Python, Insight, Analytics, Data, Statistics, Modelling, Machine Learning, Consultancy....",VP of Data Science,200000.0,Palo Alto,CA
1709,Jobspring Partners,"San Jose, CA 95113 (Downtown area)","$150,000 - $180,000 a year","3+ years of Data Science Experience. There will be many roles filled over the next few months, but one of the most pressing need is for a talented Junior and...",Data Scientist- NLP/Machine Learning experience,165000.0,San Jose,CA
1738,Jobspring Partners,"San Jose, CA 95113 (Downtown area)","$150,000 - $170,000 a year","This fast-paced environment is delivering sensing technology that is used for data analytics. There will be many roles filled over the next few months, but one...",Machine Learning Engineer,160000.0,San Jose,CA
1760,Workbridge Associates,"Mountain View, CA","$120,000 - $180,000 a year",The software company behind the world’s most widely used fitness wearable suite of products recently opened a new Silicon Valley office in Mountain View and...,Data Scientist for Fitness Wearable Company,150000.0,Mountain View,CA
1820,EOS DA,"Menlo Park, CA","$60,000 - $65,000 a year","EOSDA employs over 40 data scientist, computer vision engineers, and software developers. Metadata creation, and data management of geodatabases....",Entry Level GIS Technician,62500.0,Menlo Park,CA
1824,Tandem Recruiting Group,"Santa Clara, CA","$200,000 a year","Research Scientist -- Computer Vision & Machine Learning. Its Research Institute accumulates over a decade R&D experience in Video Camera, Image Processing,...",Senior Machine Learning Scientist,200000.0,Santa Clara,CA
1826,Jobspring Partners,"San Jose, CA 95113 (Downtown area)","$180,000 - $200,000 a year","Experience with large, diverse collections of data. Experience with large-scale data storage and processing pipelines....",Principal Scientist - ML,190000.0,San Jose,CA
1851,Workbridge Associates,"San Jose, CA 95113 (Downtown area)","$120,000 - $150,000 a year",This person will be working alongside the Data Architect which is building back end and data ingestion pipelines....,Big Data Engineer,135000.0,San Jose,CA
1974,Workbridge Associates,"Santa Clara, CA","$120,000 - $180,000 a year",They are looking to hire a Principal Data Scientist for their Data Science team that is building machine-learning algorithms to help provide data and insights...,Principal Data Scientist,150000.0,Santa Clara,CA
1988,Elevate Recruiting Group,"Redwood City, CA","$170,000 a year","Through the Our Clients pivotal world-view in the security domain, the Data Scientist will make large-scale and world-shaping impact across diverse sectors...",Senior Data Scientist - Security Experience is Huge,170000.0,Redwood City,CA
1991,Jobspring Partners,"Redwood City, CA","$150,000 - $180,000 a year","A fast growing company located in Redwood City is looking for a Data Scientist and is willing to pay up to $170,000....",Data Scientist- cool startup in RedWood City,165000.0,Redwood City,CA
2038,Tetration Analytics,"Palo Alto, CA","$140,000 a year","You will be embedded within cross-functional teams that include big data engineers, data scientists and UX/UI engineers....",Senior Software Engineer - API,140000.0,Palo Alto,CA
2134,Tetration Analytics,"Palo Alto, CA","$140,000 a year","You will be embedded within cross-functional teams that include big data engineers, data scientists and UX/UI engineers....",Senior Software Engineer - Controller,140000.0,Palo Alto,CA
2141,Jobspring Partners,"San Jose, CA 95113 (Downtown area)","$150,000 - $170,000 a year","A fast growing company located in Redwood City is looking for a Data Scientist and is willing to pay $150K. Hands-on experience with big data frameworks (Spark,...",Data Scientist with NLP experience,160000.0,San Jose,CA
2185,Jobspring Partners,"San Jose, CA 95113 (Downtown area)","$150,000 - $170,000 a year","A fast growing health startup company is looking for a Data Scientist and is willing to pay up to $170,000. There will be many roles filled over the next few...",Backend Engineer- cool startup in Palo Alto,160000.0,San Jose,CA
2286,Workbridge Associates,"San Jose, CA 95113 (Downtown area)","$150,000 - $180,000 a year",A leading technology company is looking for a dedicated Data Scientist to join their Engineering team to help transform data into insights....,Lead Data Scientist,165000.0,San Jose,CA
2316,Lambda Labs,"Palo Alto, CA","$80,000 - $250,000 a year",About us: Lambda Labs is using deep learning to change how we capture and edit photos and video. Our products include Dreamscope and Paintbrush. (Search for,iOS Software Engineer (Machine Learning & Artificial Intelli...,165000.0,Palo Alto,CA
2382,TEEMA Solutions Group Inc.,"Mountain View, CA","$150,000 - $200,000 a year","Located in Mountain View,CA we are a next generation mobile advertising platform focusing on using data and technology to deliver higher performance and big...",Machine Learning Engineer,175000.0,Mountain View,CA
2479,Tandem Recruiting Group,"Santa Clara, CA","$180,000 a year","Our client is the world's leading supplier of video surveillance solutions. From its inception in 2001,they have played an active role in the ever-evolving",Computer Vision/Machine Learning Researcher,180000.0,Santa Clara,CA
2480,Jobspring Partners,"San Jose, CA 95113 (Downtown area)","$110,000 - $140,000 a year","Experience with data visualizations and D3 or highcharts. You will be joining an amazing team of engineers, healthcare professionals and scientists, if you are...",Front End Engineer,125000.0,San Jose,CA
2540,Jobspring Partners,"San Jose, CA 95113 (Downtown area)","$170,000 - $200,000 a year",We have partnered with one of the most recognizable automobile companies in the world that is looking to build out their Machine Learning team. Chances are,Machine Learning Engineer - Automotive,185000.0,San Jose,CA
2668,"Redolent, Inc","Milpitas, CA","$185,000 a year",Hired and led a team of engineers & data scientists. Industry experience in Data modelling & Data science engineering....,Engineering Manager - Big Data Algorithms & Core Engineering,185000.0,Milpitas,CA
2795,Jobspring Partners,"San Jose, CA 95113 (Downtown area)","$170,000 - $200,000 a year","The candidate must have experience working with a high volume of data, working with complex data pipelines, and scalable systems....",Lead Machine Learning Engineer,185000.0,San Jose,CA
2844,Workbridge Associates,"Redwood City, CA","$140,000 - $170,000 a year",The company’s platform is a crucial tool that allows users to analyze large amounts of data. A startup artificial intelligence platform company focusing on...,Computational Scientist - AI Platform,155000.0,Redwood City,CA
2915,Jobspring Partners,"San Jose, CA 95113 (Downtown area)","$150,000 - $165,000 a year",Currently our team is searching for a Senior Front End Engineer to make data exploration swift and appealing to data scientist and business analysts....,Senior Front End Engineer,157500.0,San Jose,CA
2949,Walter Bacon,"Sunnyvale, CA","$160,000 a year","Led by a team of experienced hospitality technology experts, data scientists and product domain experts. 5-10 years of building frontends for SaaS displaying...",UI Engineer/Architect,160000.0,Sunnyvale,CA
2997,Workbridge Associates,"Redwood City, CA","$132,000 - $150,000 a year","In this role you should be able to work closely with a small team of engineers, data scientists, and designers to build new features for the iOS application....",iOS Developer,141000.0,Redwood City,CA
3005,Dashbot.io,"San Francisco, CA","$160,000 - $180,000 a year","Data migration, transformation, and scripting. We are looking for a big data engineer and scientist whose role will be discovering insights from a large corpus...",Data Engineer and Scientist,170000.0,San Francisco,CA
3022,Bayone Solutions Inc.,"San Francisco, CA","$160,000 a year",Position - Data Scientist - Recommendation Engine*. 2+ years experience with Big Data ecosystem:. Minimum of 7 years of back-end experience within a Java and...,Data Scientist - Recommendation Engine,160000.0,San Francisco,CA
3080,Federal Emergency Management Agency,"Oakland, CA","$84,302 - $109,592 a year","In this position, you will serve as a Physical Scientist. Developing and providing decision support data that promotes risk reduction activities such as...",Physical Scientist,96947.0,Oakland,CA
3143,Workbridge Associates,"San Francisco, CA","$130,000 - $160,000 a year",The Data Scientist will join a very senior team and have an immediate impact. Geospacial data analytics and image processing startup in San Francisco is hiring...,Data Scientist (Image Processing),145000.0,San Francisco,CA
3146,Workbridge Associates,"San Francisco, CA","$135,000 - $165,000 a year",A leading San Francisco consumer web and personalized shopping company is looking to add a Data Scientist to their Human Computation team....,Data Scientist (Human Computation),150000.0,San Francisco,CA
3156,Nisum Technologies,"San Francisco, CA","$140,000 a year","Big Data Stack:. Hadoop data Ingestion, data quality, development, troubleshooting issues, production code management and testing/deployment....",Big Data Talend Developer,140000.0,San Francisco,CA
3185,Workbridge Associates,"San Francisco, CA","$135,000 - $180,000 a year","They are seeking a Data Scientist to join their team. If you are looking for the change to make a big impact at a company that’s innovative, this exciting...",Data Scientist,157500.0,San Francisco,CA
3190,Corporate Labs Technology,"Brisbane, CA","$110,000 - $180,000 a year","Natural Language Processing Brisbane, CA Sign on bonus Stocks! Up to 10% bonuses $110-180k depending on experience Fast growing social media company is",Data Scientist (Natural Language Processing),145000.0,Brisbane,CA
3261,Workbridge Associates,"San Francisco, CA","$150,000 - $190,000 a year",3+ years of experience in professional data science role. The startup provides a simple SDK to create an ad network and is processing a huge amount of data with...,Machine Learning Engineer,170000.0,San Francisco,CA
3262,Workbridge Associates,"San Francisco, CA","$140,000 - $160,000 a year",Established retail and eCommerce company in downtown San Francisco is looking to hire a Senior Data Scientist who will develop core machine learning algorithms...,Senior Data Scientist (Optimization),150000.0,San Francisco,CA
3283,San Francisco Department of Public Health,"San Francisco, CA","$98,202 - $125,346 a year","Under administrative direction of the Director, Public Health Laboratory, the 0922 Manager I – Chief Microbiologist presents scientific data at meetings;...",Manager I - Chief Microbiologist,111774.0,San Francisco,CA
3298,Harnham,"San Francisco, CA","$185,000 a year","You will lead a team of 4 data scientists including man-management, motivation, generating and executing analytical strategies and adopting a hands-on approach...",Senior Data Science Manager,185000.0,San Francisco,CA
3337,Jobspring Partners,"Redwood City, CA","$150,000 - $170,000 a year","A fast growing company located in Redwood City is looking for a Data Scientist and is willing to pay up to $170,000....",Data Scientist,160000.0,Redwood City,CA
3351,Corporate Labs Technology,"Brisbane, CA","$110,000 - $180,000 a year","Machine Learning Developer Brisbane, CA Sign on bonus Stocks! Up to 10% bonuses $110-180k depending on experience Fast growing social media company is",Data Scientist (Machine Learning),145000.0,Brisbane,CA
3366,Workbridge Associates,"San Francisco, CA","$140,000 - $160,000 a year",Data Mining Experience. The Data Engineers work closely with the Data Scientists and Engineers so there will be some crossover with Machine Learning....,Data Engineer (Python),150000.0,San Francisco,CA
3398,Workbridge Associates,"San Francisco, CA","$140,000 - $180,000 a year","The Data Scientist will have an opportunity to work on huge data sets. Pulling data from data warehouse, massaging data, inspecting validation processes,...",Senior Data Scientist,160000.0,San Francisco,CA
3434,Workbridge Associates,"San Francisco, CA","$120,000 - $150,000 a year","In this position you will be a key member of the team, and interact with designers, data scientists, and NLP engineers every day....",iOS Learning Application,135000.0,San Francisco,CA
3456,Workbridge Associates,"San Francisco, CA","$150,000 - $200,000 a year",This group works alongside the algorithms R&D team which enables a data science modeling group of 50-60 Data Scientists....,Senior Data Engineer- Algorithms Platform,175000.0,San Francisco,CA
3502,Workbridge Associates,"San Francisco, CA","$170,000 - $190,000 a year",A San Francisco-based agriculture software company is hiring for a Principal Data Scientist to help lead a team....,Principal Data Scientist,180000.0,San Francisco,CA
3530,All-In Analytics,"San Francisco, CA","$120,000 - $150,000 a year",Machine Learning Senior Data Scientist. Mentor and manage junior Data Scientists. San Francisco Company is looking for a Data Scientist with a specialty in time...,Sr. Machine Learning Data Scientist,135000.0,San Francisco,CA
3562,City & County of San Francisco,"San Francisco, CA 94124 (Bayview area)","$98,202 - $125,346 a year",Ability to organize and analyze scientific data; Scientific data) listen carefully and talk with people from diverse backgrounds;...,Manager I - Chief Microbiologist (Chief Microbiologist),111774.0,San Francisco,CA
3685,Workbridge Associates,"San Francisco, CA","$145,000 - $175,000 a year",The Senior Data Engineer will be working alongside a team of highly skilled Data Scientists and Infrastructure Engineers to build out the data science...,Senior Data Engineer - Recommendation Platform,160000.0,San Francisco,CA
3698,TEKSystems,"San Francisco, CA 94105 (Financial District area)","$110,000 - $130,000 a year","You'll be joining a team of stellar engineers, data scientists, UX designers and product managers who are dedicated to ensuring this companies internal tools...",Product Designer,120000.0,San Francisco,CA
3822,Workbridge Associates,"San Francisco, CA","$165,000 - $195,000 a year",The role will be working on technology that provides API endpoints to gather data. A leading San Francisco-based company in the fin-tech space is looking for an...,"Staff Engineer, Machine Learning",180000.0,San Francisco,CA
3834,University of California Berkeley,"Berkeley, CA","$65,000 - $75,000 a year","Enforces EI’s confidential data access policy. Manages EI’s confidential data database, and contacts database....","Office Manager, Energy Institute at Haas ,",70000.0,Berkeley,CA
3848,Workbridge Associates,"San Francisco, CA","$120,000 - $160,000 a year",The Principal Data Scientist will be working on a recommendation engine for tutoring and test preparation. A large Ed tech company in San Francisco is hiring...,Principal Data Scientist (Recommendation),140000.0,San Francisco,CA
3884,Averity,"San Francisco, CA","$180,000 - $230,000 a year","Enabling our Data Scientists to create products easier with our data. As the Executive Director of Data Engineering, you will be leading our organization's...",Executive Director of Data Engineering,205000.0,San Francisco,CA
4010,Jobspring Partners,"San Francisco, CA","$140,000 - $160,000 a year",Familiarity with data driven and data focused applications. A Series C technology start-up located in Downtown San Francisco is looking to hire their first...,Lead DevOps Engineer (Machine Learning),150000.0,San Francisco,CA
4078,Workbridge Associates,"San Francisco, CA","$140,000 - $180,000 a year",A leading San Francisco consumer web and personalized shopping company is looking to add a Data Scientist to their Human Computation team....,Data Science (Human Computation),160000.0,San Francisco,CA
4100,Jobspring Partners,"San Francisco, CA","$140,000 - $160,000 a year",Familiarity with data driven and data focused applications. A Series C technology start-up located in Downtown San Francisco is looking to hire their first...,Senior Build & Release Engineer (Machine Learning),150000.0,San Francisco,CA
4341,Jobspring Partners,"San Francisco, CA","$130,000 - $160,000 a year",Working with the top Data Scientist Team in the country. This Frontend Developer will be working directly with some of the top Data Scientists in the country on...,FrontEnd Developer,145000.0,San Francisco,CA
4371,Elevate Recruiting Group,"San Francisco, CA","$175,000 a year","Other members of the team include published authors, Ivy League data scientists, TED-talk speakers, world-class researchers and inspirational education leaders....",Devops Engineer with Ruby on Rails,175000.0,San Francisco,CA
4507,LT,"Los Angeles, CA","$180,000 a year","Our data team consists of two data analysts and 2 data scientists. This position will be second data scientist at this company, and within the next year you...",Senior Data Scientist,180000.0,Los Angeles,CA
4510,"MetaSense, Inc.","Los Angeles, CA","$100,000 a year","In data science, machine vision or similar. Experience in web crawling, data mining considered a strong plus....",Research Scientist,100000.0,Los Angeles,CA
4523,tronc (formerly Tribune Publishing),"Los Angeles, CA","$60,000 - $70,000 a year",Partner with data scientists in the Technology organization on the creation and enhancement of data dashboards....,Social Media Marketing Data Analyst,65000.0,Los Angeles,CA
4535,Codesmith,"Los Angeles, CA","$103,000 a year",We are now bringing this same groundbreaking approach to developing data scientists and machine learning specialists....,Senior Data Science Engineer and Instructor,103000.0,Los Angeles,CA
4634,Los Angeles County Human Resources,"Los Angeles, CA","$36,339 - $48,794 a year","Compiles pertinent data to verify amounts, totals, and ensure balances. Participates in the coding, sorting, translating, and filing of data for statistical...",SENIOR STATISTICAL CLERK,42566.5,Los Angeles,CA
4674,TEEMA,"Los Angeles, CA","$140,000 a year","Partner with Director of Software Development, VP of Operations, Chief Data Scientist, and Sales to deliver world-class e-learning solutions to customers and...",Senior Product Manager - Disruptive ELearning Startup,140000.0,Los Angeles,CA
4686,Selby Jennings,"Los Angeles, CA","$120,000 a year",A Top Tier Investment Bank is looking for an experienced risk quant to join their Global Analytics team. This person will be Responsible for independently,Quantitative Analyst - Multiple Vacancies,120000.0,Los Angeles,CA
4763,Los Angeles County Department of Human Resources,"Los Angeles, CA","$76,804 - $100,726 a year",Develops and documents the backup procedure to assure a continuing flow of essential laboratory data in case breakdown of data systems....,"MEDICAL TECHNOLOGIST, DATA SYSTEMS",88765.0,Los Angeles,CA
4764,Tessie Cleveland Community Service Corporation,"Los Angeles, CA","$56,000 a year",Technical Skills in Data Collection/Analysis and Database Management/Development. The Research and Evaluation Department at TCCSC is seeking a Senior Analyst to...,Senior Research Analyst,56000.0,Los Angeles,CA
4765,Jobspring Partners,"Los Angeles, CA","$80,000 - $110,000 a year",Data Scientist experience a plus! Big data and streaming web analytics experience. Having experience with data reporting and analytics is a must!...,Product Manager,95000.0,Los Angeles,CA
4767,Los Angeles County Human Resources,"Los Angeles, CA","$84,336 - $110,616 a year",Evaluates the performance of subordinate Supervising Clinical Laboratory Scientists and reviews their evaluations of clinical laboratory scientists and...,SUPERVISING CLINICAL LABORATORY SCIENTIST III,97476.0,Los Angeles,CA
4807,Los Angeles County Department of Human Resources,"Los Angeles, CA","$36,339 - $48,794 a year","Compiles pertinent data to verify amounts, totals, and ensure balances. Participates in the coding, sorting, translating, and filing of data for statistical...",SENIOR STATISTICAL CLERK,42566.5,Los Angeles,CA
4825,Los Angeles County Department of Human Resources,"Los Angeles, CA","$84,336 - $110,616 a year",Evaluates the performance of subordinate Supervising Clinical Laboratory Scientists and reviews their evaluations of clinical laboratory scientists and...,SUPERVISING CLINICAL LABORATORY SCIENTIST III,97476.0,Los Angeles,CA
4827,Jobspring Partners,"Culver City, CA","$70,000 - $105,000 a year",Big data analytics experience is a plus. Any interest in big data analytics is a huge plus. A software e-discovery cloud analytics company located in Culver...,Junior-Mid C# Machine Learning Developer,87500.0,Culver City,CA
4837,QYResearch,"Rowland Heights, CA 91748","$50,000 a year",Analyzing and interpreting data; Identifies marketing opportunities and resolves marketing issues by analyzing market data....,Automotive industry market research analyst,50000.0,Rowland Heights,CA
4844,HIRECLOUT,"Culver City, CA 90230","$100,000 - $160,000 a year","You will work closely with other platform engineers, product stakeholders, and data scientists. Data Engineer (All Levels) We are looking for Data Engineers...",Data Engineer,130000.0,Culver City,CA
4854,Workbridge Associates,"Los Angeles, CA","$120,000 - $140,000 a year","Java Machine Learning Algorithm Developer needed for Burbank based leading alternative & solar energy company. You will be utilizing Java, or C# and will need",Java Machine Learning Algorithm Developer,130000.0,Los Angeles,CA
4856,Los Angeles County Human Resources,"Los Angeles, CA","$73,107 - $95,884 a year",Research experience working with quantifying survey data reliability in sampling size determination for health-related data collection....,"CHIEF RESEARCH ANALYST, BEHAVIORAL SCIENCES",84495.5,Los Angeles,CA
4917,Los Angeles County Department of Human Resources,"Los Angeles, CA","$73,286 - $86,231 a year",Devises data processing procedures that make use of high speed computers and work with computer personnel in the programming and processing of data....,"RESEARCH ANALYST III, BEHAVIORAL SCIENCES",79758.5,Los Angeles,CA
4944,Altair Engineering,"Cypress, CA","$88,000 a year","Altair ProductDesign is a global, multi-disciplinary product development consultancy of more than 700 designers, engineers, scientists, and creative thinkers....",Aerospace Program Manager,88000.0,Cypress,CA
4945,Phillips Graduate University,"Chatsworth, CA 91311","$50,000 - $60,000 a year",Demonstrated aptitude for data extraction from Jenzabar using InfoMaker. Provide technical assistance and data to program chairs for student learning assessment...,Research Analyst,55000.0,Chatsworth,CA
5007,Workbridge Associates,"Burbank, CA","$80,000 - $130,000 a year","Qualified candidates preferably have graduated with a degree in Mathematics, Physics, Scientific Computing, etc. and have a solid background in data structures,...",Software Engineer (Machine Learning/Algorithm Development,105000.0,Burbank,CA
5016,QYResearch,"Rowland Heights, CA 91748","$50,000 a year",Analyzing and interpreting data; Identifies marketing opportunities and resolves marketing issues by analyzing market data....,Market Research Analyst,50000.0,Rowland Heights,CA
5076,Selby Jennings,"Los Angeles, CA","$120,000 a year",A Top Tier Investment Bank is looking for an experienced risk quant to join their Global Analytics team. This person will be Responsible for independently,Quantitative Analyst - Credit Risk,120000.0,Los Angeles,CA
5108,Los Angeles County Department of Human Resources,"Los Angeles, CA","$73,107 - $95,884 a year",Research experience working with quantifying survey data reliability in sampling size determination for health-related data collection....,"CHIEF RESEARCH ANALYST, BEHAVIORAL SCIENCES",84495.5,Los Angeles,CA
5122,Lighthouse Recruiting,"Pasadena, CA","$80,000 - $110,000 a year","Join our Medical Laboratory Scientists Groups:. And also performing quantitative analysis, data review and certifying and releasing results....",LC/MS Clinical Laboratory Scientist,95000.0,Pasadena,CA
6204,All-In Analytics,"Seattle, WA","$100,000 - $150,000 a year","Business Intelligence Scientist. SQL, Digital Analytics, eCommerce, Big Data, A/B Testing, data mining, data analysis, reporting, dashboarding, product...",Business Intelligence Scientist,125000.0,Seattle,WA
6279,LIBERTY MUTUAL GROUP,"Seattle, WA","$109,900 - $126,100 a year",We are searching for a highly motivated data scientist who is eager to make an impact on the very complex and evolving insurance industry....,"Assistant Director, Data Science",118000.0,Seattle,WA
6280,Cutting Edge Medical Diagnostics,"Seattle, WA","$140,000 a year","Data and image analysis using advanced statistics, data mining, machine learning methods. Object-oriented data structures SQL database queries....","Sr. Data Scientist / Machine Learning (In-vitro dx, Imaging)",140000.0,Seattle,WA
6306,HERO.Jobs,"Seattle, WA","$160,000 a year","Build big data, machine learning applications that live in the cloud. Develop machine learning applications built to scale that process huge amounts of data....","Machine Learning Engineer - Big Data, Python, R",160000.0,Seattle,WA
6483,All-In Analytics,"Seattle, WA","$150,000 - $175,000 a year","Working with a team of Analysts, Software Developers, Data scientists, and Product Managers. Sr....",Sr. Global Device Manager,162500.0,Seattle,WA
6489,State of Washington,"Bellevue, WA","$48,060 - $63,036 a year","Performing field surveys or studies, 2) responding to complaints involving scientific or technical content, 3) preparing public meetings and hearings, 4)...",TMDL Lead (Environmental Specialist 4),55548.0,Bellevue,WA
6508,Philanthropy Northwest,"Seattle, WA 98121 (Belltown area)","$50,000 - $60,000 a year",Conduct research and provide data analysis in support of client projects. Develop and administer tools such as surveys or online polling and focus group...,"Research Analyst, The Giving Practice",55000.0,Seattle,WA
6577,Harvey Nash USA,"Seattle, WA","$120,000 - $130,000 a year","We are looking for talented, ambitious engineers with some or all of the following expertise. This is an exciting opportunity to get into an up and coming,",Data Scientist - Engineering,125000.0,Seattle,WA
6582,Lighthouse Recruiting,"Seattle, WA","$90,000 - $100,000 a year","Join our Medical Laboratory Scientists Groups:. Familiarity with databases, tools, and resources commonly used in interpretation of genomic data....",Variant Scientist (Remote),95000.0,Seattle,WA
6696,"G2 Web Services, LLC","Bellevue, WA 98004 (Downtown area)","$35,000 a year",Capture and record data in G2’s proprietary software tools. Create and develop reports based on dynamic information sources and data artifacts within existing...,Research and Investigation Analyst,35000.0,Bellevue,WA
6985,NextGen Global Resources LLC,"Bellevue, WA","$150,000 a year","Big Data features:. Experience with NoSQL, MySQL and Big Data solutions (MongoDB, Cassandra, Spark, PostegreSQL)....",Machine Learning (SDE),150000.0,Bellevue,WA
7173,Lighthouse Recruiting,"Seattle, WA","$70,000 - $85,000 a year",Join our Medical Laboratory Scientists Groups:. Analyze and appraise lab results relative to each other and the pertinent QC data....,Molecular Laboratory Supervisor,77500.0,Seattle,WA
7238,Prime 8 Consulting,"Bellevue, WA 98004 (Downtown area)","$160,000 a year","Basic Qualifications - Bachelor’s Degree in Computer Science or related field, or equivalent work experience- Proficiency in at least one modern object-oriented...","Software Development Engineer, Machine Learning",160000.0,Bellevue,WA
7509,Wade & Wendy,"New York, NY","$80,000 - $120,000 a year","Our Data Scientist will integrate data from web sources, real-time adaptive questioning, and human-intelligence, to develop algorithms that create smart...",Wade & Wendy_Data Scientist/Engineer,100000.0,New York,NY
7512,Scienaptic Systems Inc,"New York, NY","$100,000 a year","We are looking for an energetic and experienced person as Data Scientist. Ability to code on SAS/R for data munging, SQL queries based data exploration &...",Data Scientist,100000.0,New York,NY
7553,Harnham,"New York, NY","$200,000 a year","Senior Data Scientist. However this opportunity, to work as a Senior Data Scientist, represents something entirely unique....",Senior Data Scientist,200000.0,New York,NY
7569,Centers for Disease Control and Prevention,"New York, NY","$88,305 - $146,570 a year",Analyze scientific investigation data. The Centers for Disease Control and Prevention (CDC) is the agency Americans trust with their lives....,Health Scientist,117437.5,New York,NY
7583,Beeswax,"New York, NY","$130,000 - $165,000 a year","A minimum of 5 years experience in Machine learning, large-scale data mining, or applied data science. We’re seeking a senior data scientist in New York City to...",Senior / Director Data Science,147500.0,New York,NY
7588,Averity,"New York, NY","$100,000 - $120,000 a year",This is an opportunity for an experienced Senior Data Scientist to use your passion for advanced analytics and Big Data to impact our company's success....,"Senior Data Scientist for Innovative, Top-Ranked Global Comp...",110000.0,New York,NY
7595,DEPARTMENT OF FINANCE,"Manhattan, NY","$68,239 - $80,000 a year","Strong data analysis skills and data testing. Assisting with data cleansing, data conversion, system integrity, and system access issues....",Policy Data Analyst,74119.5,Manhattan,NY
7610,Averity,"New York, NY","$125,000 - $175,000 a year","Our data science needs are growing quickly, and we are looking to bring on experienced, smart data scientists excited about machine learning and business-minded...",Senior Data Scientist,150000.0,New York,NY
7614,Averity,"New York, NY","$120,000 - $150,000 a year","Strong background in big data technology. As a Data Scientist, you will make a significant contribution to the investment effort by maintaining and further...","Data Scientist, Quant Developer for $10B Asset Manager",135000.0,New York,NY
7625,Smith Hanley Associates,"New York, NY","$140,000 - $160,000 a year",Manage and grow a team of data scientists focused on campaign problems. Director of Data Science. Analyze petabytes of data to create business outcomes....,Director of Data Science,150000.0,New York,NY
7629,Selby Jennings,"New York, NY 10167 (Midtown area)","$110,000 a year",A Global tier one Investment bank is looking to add candidates at the AVP level to their Model development team who focus on Credit and Counterparty Risk. The,AVP Quantitative Analyst,110000.0,New York,NY
7630,DEPT OF HEALTH/MENTAL HYGIENE,"Manhattan, NY","$59,708 - $72,246 a year","Two years as a City Research Scientist Level I can be substituted for the experience required in ""1"" and ""2"" above....","Quality Assurance Analyst, Bureau of Vital Statistics",65977.0,Manhattan,NY
7631,Selby Jennings,"New York, NY 10167 (Midtown area)","$150,000 - $170,000 a year","Senior Data Scientist - Quantitative Solutions. Key qualifications for Senior Data Scientist:. Data Mining, SAS, R, Matlab, Mathematica, Machine Learning,...",Senior Data Scientist - Quantitative Solutions,160000.0,New York,NY
7640,Averity,"New York, NY","$120,000 - $130,000 a year","As a Lead Data Scientist in our Operational Analytics team, you will have extensive experience with machine learning techniques, data analysis and predictive...",Lead Data Scientist,125000.0,New York,NY
7646,Averity,"New York, NY","$150,000 - $200,000 a year",We are looking to hire a Senior Data Scientist who has the vision and experience to provide Big Data solutions to fortune 500 companies around the world in a...,"Vice President, Data Scientist - Leading International Advis...",175000.0,New York,NY
7647,Averity,"New York, NY","$100,000 - $120,000 a year","As a Senior Statistician, you will be proficient in SAS and SQL and will utilize your big data and predictive modeling skills to analyze and interpret massive...",Sr. Statistician for Fortune 500 Company,110000.0,New York,NY
7659,Selby Jennings,"New York, NY 10167 (Midtown area)","$135,000 - $200,000 a year",Senior Data Scientist. Data Intelligence Software Vendor. The Senior Data Scientist will lead the way on improving and maintaining real time detection models...,Senior Data Scientist,167500.0,New York,NY
7676,Princeton Consulting,"New York, NY 10018 (Clinton area)","$110,000 - $275,000 a year","Digest complex data structures, perform statistical data reduction, summarization, normalization and multivariate data analyses and report findings....",Data Scientist,192500.0,New York,NY
7690,Averity,"New York, NY","$90,000 - $110,000 a year",Are you a Mid-level Data Scientist looking to join a top ranked global travel company? This is an opportunity for an experienced Data Scientist to work at a top...,Mid-level Data Scientist For Top Travel Company,100000.0,New York,NY
7693,Averity,"New York, NY","$120,000 - $160,000 a year",Are you a experienced Data Scientist who wants to make an impact on fortune 500 companies around the world as you continue to enhance and expand your knowledge...,Lead Data Scientist - Top Data Consultancy,140000.0,New York,NY
7701,Selby Jennings,"New York, NY 10167 (Midtown area)","$200,000 - $250,000 a year",Experience working with and managing large data sets. Quantitative Researcher – Machine Learning....,Quantitative Researcher – Machine Learning,225000.0,New York,NY
7708,Averity,"New York, NY","$130,000 - $170,000 a year",We are hiring a Lead Data Scientist for our growing Data Science team here at one of the world's largest and most respected companies....,Lead Data Scientist (New Jersey),150000.0,New York,NY
7714,DEPARTMENT OF TRANSPORTATION,"Manhattan, NY","$60,189 - $83,440 a year","Establish and monitor best practices, policies, procedures and documentation around Citi Bike system data; Analyze data, develop statistical models, and use...",Bike Share Data Scientist,71814.5,Manhattan,NY
7718,HOUSING PRESERVATION & DVLPMNT,"New York, NY","$70,286 a year","Reliability and validity, sampling, primary and secondary data collection, and data management. Experience managing and manipulating administrative data;...",Technical Researcher,70286.0,New York,NY
7719,Selby Jennings,"New York, NY 10167 (Midtown area)","$120,000 a year",A Top Tier Investment Bank is looking for an experienced risk quant to join their Global Analytics team. This person will be Responsible for independently,Quantitative Analyst - Multiple Vacancies,120000.0,New York,NY
7720,Workbridge Associates,"New York, NY","$110,000 - $140,000 a year","Experience with Python, R, Machine Learning with a Data Scientist background. They’re looking to add to a hands-on a Principal Data Scientist (50% hands-on)...",Chief Data Scientist,125000.0,New York,NY
7734,DEPT OF ENVIRONMENT PROTECTION,"New York, NY","$70,286 - $88,213 a year",S/he must also demonstrate the ability to connect technical data to policy level needs. Two years as a City Research Scientist Level I can be substituted for...,Water Quality Analyst,79249.5,New York,NY
7735,Nathan S. Kline Institute,"Orangeburg, NY","$25,000 a year",Additional experience in statistical analysis of epigenetic and biochemical data will be useful but not necessary....,Post-Doctoral Scientist (Analytical Psychopharmacology Depar...,25000.0,Orangeburg,NY
7751,StreetID,"New York, NY","$120,000 a year",Professional or academic experience working with large/noisy data sets. The emphasis here will be on hiring exceptional talent with a passion for turning...,Quantitative Analyst,120000.0,New York,NY
7759,Selby Jennings,"New York, NY 10167 (Midtown area)","$150,000 - $200,000 a year",VP Data Science & Analytics. This highly collaborative Adtech firm is seeking a seasoned Data Science business leader to oversee a team of over 10 Analysts and...,VP of Data Science & Analytics,175000.0,New York,NY
7819,Big Cloud,"New York, NY","$150,000 a year","Are you an experienced, talented and creative Data Scientist who likes solving complex problems? An exciting, innovative company in the heart of New York are...",Data Scientist,150000.0,New York,NY
7823,POLICE DEPARTMENT,"New York, NY","$70,286 - $88,213 a year","Extensive knowledge of applied statistics, analytics, machine learning, data science or big data tools.....",Data Analytics Research Scientist,79249.5,New York,NY
7824,Selby Jennings,"New York, NY 10167 (Midtown area)","$100,000 - $125,000 a year","An industry-leading FinTech firm in California is adding to their growing risk team with a credit risk modeler, expert in predictive modeling. This role will",Statistical Modeler | FinTech,112500.0,New York,NY
7840,Harris Allied,"New York, NY 10018 (Clinton area)","$140,000 a year","Very high profile- you will be the point person, interacting with various groups within the firm, pulling data from various database sources in order to...",Quantitative Research/Data Analyst,140000.0,New York,NY
7911,Averity,"New York, NY","$150,000 - $200,000 a year","Are you Quantitative Research Analyst looking to join a Multi-Billion Dollar Hedge Fund? What is the Job? As a Quantitative Research Analyst, you will work",Quantitative Research Analyst for Multi-Billion Dollar Hedge...,175000.0,New York,NY
7915,NYC Department of Buildings,"Manhattan, NY","$63,817 - $74,000 a year",Conducting qualitative and quantitative data collection and coding. The Department of Buildings Office of Strategic Planning and Policy addresses operational...,"Research Analyst, Risk",68908.5,Manhattan,NY
7931,DEPT OF ENVIRONMENT PROTECTION,"New York, NY","$59,708 - $72,246 a year",Evaluates demographic data from available sources and is a subject matter expert in demographic data sources and methodologies....,Water Demand Projections Manager,65977.0,New York,NY
7940,Jobspring Partners,"New York, NY","$150,000 - $200,000 a year","Professional Data Science experience. Right now, this rapidly expanding division is seeking a Senior Data Scientist who has a strong background in machine...",Expert in Machine Learning at Consumer Banking Company,175000.0,New York,NY
7978,Averity,"New York, NY","$70,000 - $90,000 a year","As a Tableau Developer in our Data Science team, you will work in collaboration with our data scientists, QA engineers, software developers and business...",Tableau Developer for Global Organization,80000.0,New York,NY
8020,Artemis Consultants,"New York, NY","$190,000 - $200,000 a year","Aptitude for working on a team with highly technical data scientists, data architects and IT experts. Deep knowledge of the data vendor landscape in insurance,...",Corporate Vice President – Program Management,195000.0,New York,NY
8034,Harnham,"New York, NY","$110,000 a year",You will join the data engineering team and work closely with the data scientists as well. Big Data Engineer....,Big Data Engineer,110000.0,New York,NY
8049,Winston Fox,"New York, NY","$200,000 a year","Develop powerful systems that provide easy access to large amounts historical trading data, market data, trading simulations, pricing, risk etc. You will be...",Senior Software Development Engineer,200000.0,New York,NY
8079,Green Key Resources,"New York, NY 10016 (Gramercy area)","$175,000 - $215,000 a year","Qualifications Masters in Mathematics, Physics or Quantitative Finance 7+ years of relevant experience in Risk, Modelling or related industry Attention to",Quantitative Analyst,195000.0,New York,NY
8090,DEPT OF HEALTH/MENTAL HYGIENE,"New York, NY","$70,286 - $88,213 a year","Monitor, maintain, troubleshoot, and improve data collection systems to ensure data quality and reliability....","Data Analyst, Bureau of Mental Health/Research and Evaluatio...",79249.5,New York,NY
8097,Averity,"New York, NY","$100,000 - $120,000 a year",This is an opportunity for an experienced Data Scientist to use your passion for advanced analytics and Big Data to impact our company's success....,Senior Data Scientist for Global Travel Company,110000.0,New York,NY
8107,POLICE DEPARTMENT,"New York, NY","$41,057 - $61,669 a year","This position will also be responsible for conducting confidential analytical work in the review, extraction, examination, and compilation of highly sensitive...","STATISTICIAN, LEVEL I",51363.0,New York,NY
8110,DEPARTMENT OF FINANCE,"Manhattan, NY","$68,239 - $78,475 a year","Strong programming, data analysis, statistical sampling and data mining experience. Prepare reports and respond to ad-hoc queries, data and reporting requests....",Modeler/Policy Analyst,73357.0,Manhattan,NY
8150,Selby Jennings,"New York, NY 10167 (Midtown area)","$90,000 - $180,000 a year",A top global commodities company is seeking an FTR Quantitative Analyst with specific experience within the power space. This is a great opportunity to work,FTR Quantitative Risk Analyst,135000.0,New York,NY
8153,DEPT. OF HOMELESS SERVICES,"Manhattan, NY","$78,630 - $103,332 a year",The City Research Scientist Level 3 will be tasked with:. §Design and maintain reporting tools to simplify and streamline data consumption....,Compliance Team Leader,90981.0,Manhattan,NY
8180,DEPT OF ENVIRONMENT PROTECTION,"New York, NY","$59,708 - $72,246 a year",Knowledge and practical application of quantitative statistical analysis and geographical data interpretation methods;...,Policy Analyst,65977.0,New York,NY
8185,New York City Department of Health and Mental Hygi...,"Long Island City, NY 11101","$76,340 - $100,322 a year","-Experience with inferential statistical analyses, publishing peer-reviewed articles, study design, data manipulation, surveillance/health data, and grant...",Senior Analyst (Biostatistician or Epidemiologist),88331.0,Long Island City,NY
8194,HRA/DEPT OF SOCIAL SERVICES,"Manhattan, NY","$78,630 - $90,000 a year","Semi parametric modeling, missing data imputation,. Developing new uses of administrative data to track city-wide and community-level trends....",SENIOR RESEARCH ASSOCIATE,84315.0,Manhattan,NY
8195,CONSUMER AFFAIRS,"Manhattan, NY","$59,708 - $72,246 a year","The Division of Data Analysis and Strategic Planning seeks a highly motivated, results oriented individual to serve as a Modeler/Data Scientist, Policy and...","Modeler/Data Scientist, Policy and Strategy",65977.0,Manhattan,NY
8208,"NewAgeSys,Inc","Kenilworth, NJ","$50,000 a year",Analysis and interpretation data. Candidate must have experience in executing study designs requiring highly organized data collection and management....,Biochemist (Scientist II) Merck,50000.0,Kenilworth,NJ
8224,Driversiti,"Hoboken, NJ","$100,000 a year","Data Plotting - Visualization libraries such as Plotly, D3, Bokeh. Being on top of new data science and viz tools to implement new features....","Full-Stack Developer - Sophisticated Analytics, Pythonic Des...",100000.0,Hoboken,NJ
8258,Selby Jennings,"New York, NY 10167 (Midtown area)","$120,000 - $150,000 a year","Previous knowledge of data structures and standard algorithms. My client, a leading investment bank located in midtown Manhattan, is looking for a strong C++...",C++/Python Algo Developer/Data Scientist,135000.0,New York,NY
8273,Selby Jennings,"New York, NY 10167 (Midtown area)","$130,000 a year",A Top Tier Investment Bank is looking for an experienced risk quant to join their Global Analytics team. This person will be Responsible for independently,Vice President Quantitative Analyst,130000.0,New York,NY
8303,"The Hagan-Ricci Group, Inc.","New York, NY","$200,000 - $300,000 a year",New York City financial services firm is seeking an experienced Data Scientist with strong Python development skills to work collaboratively with quants and IT...,Data Scientist / Python Developer,250000.0,New York,NY
8306,DEPT OF ENVIRONMENT PROTECTION,"New York, NY","$70,286 - $88,213 a year","Participating in data collection, analysis, interpretation, and generating reports on data, findings, and results....",City Research Scientist,79249.5,New York,NY
8332,Averity,"New York, NY","$180,000 - $220,000 a year","Looking for a strong Quantitative Analyst, Researcher or Data Scientist who is interested in an opportunity to work at one of the most reputable, top...",Senior Systematic Quantitative Analyst - Multi-billion Dolla...,200000.0,New York,NY
8348,DEPT OF INFO TECH & TELECOMM,"Manhattan, NY","$53,051 - $105,000 a year",Create data visualizations to communicate complex ideas; The operation of data processing hardware or consoles....,Manager of Statistical Data,79025.5,Manhattan,NY
8351,Selby Jennings,"New York, NY 10167 (Midtown area)","$125,000 - $200,000 a year","Multi-national Tier 1 Bank is looking to add to their Market Risk Group. In this role, you will be responsible for independently handling multiple projects",VP Sr Quantitative Finance Analyst,162500.0,New York,NY
8377,TW Staffing Solutions,"New York, NY","$199,000 a year","Data Scientist - New York (total compensation $199,000). Obtain a solid fundamental knowledge into Big Data research, gaining high level exposure to multiple...",Data Scientist,199000.0,New York,NY
8390,Driversiti,"Rochelle Park, NJ","$100,000 a year","Data Plotting - Visualization libraries such as Plotly, D3, Bokeh. Being on top of new data science and viz tools to implement new features....",Full-Stack Dev Data Viz - Pythonic Design,100000.0,Rochelle Park,NJ
8392,Selby Jennings,"New York, NY 10167 (Midtown area)","$130,000 a year",A Top Tier Investment Bank is looking for an experienced risk quant to join their Global Analytics team. This person will be Responsible for independently,VP Quantitative Analyst - Multiple Vacancies,130000.0,New York,NY
8410,DEPT OF HEALTH/MENTAL HYGIENE,"Manhattan, NY","$59,708 - $72,246 a year","Two years as a City Research Scientist Level I can be substituted for the experience required in ""1"" and ""2"" above....","Special Assistant, Bureau of Vital Statistics",65977.0,Manhattan,NY
8452,DEPT OF ENVIRONMENT PROTECTION,"New York, NY","$83,887 - $113,725 a year","Of forest inventory data collection and processing techniques; Experience with GPS software, hardware and data collecting and processing principles....",Forestry Program Manager,98806.0,New York,NY
8463,DEPT OF HEALTH/MENTAL HYGIENE,"Manhattan, NY","$68,239 - $85,644 a year","-Evaluate data, prepare reports and maintain records. Two years as a City Research Scientist Level I can be substituted for the experience required in ""1"" and...","City Research Scientist, Bureau of the Public Health Laborat...",76941.5,Manhattan,NY
8471,POLICE DEPARTMENT,"New York, NY","$68,239 - $85,644 a year","Extensive knowledge of applied statistics, analytics, machine learning, data science or big data tools....","CITY RESEARCH SCIENTIST, LEVEL II",76941.5,New York,NY
8496,POLICE DEPARTMENT,"New York, NY","$78,630 - $103,332 a year","Maintain records of raw data; Coordinator/Lead Scientist, Municipal Storm Sewer Systems position will serve as the coordinator and lead scientist preforming...","Coordinator / Lead Scientist, Municipal Storm Sewer Systems",90981.0,New York,NY
8502,Selby Jennings,"New York, NY 10167 (Midtown area)","$120,000 a year",A Top Tier Investment Bank is looking for an experienced risk quant to join their Global Analytics team. This person will be Responsible for independently,Quantitative Analyst Credit Risk,120000.0,New York,NY
8557,"NewAgeSys,Inc","Parsippany, NJ","$55,000 a year",Working knowledge of both computer and/or data handling acquisition systems is necessary and required. All Resumes reviewed Candidates MUST HAVE 3+ years with...,Scientist II (Pfizer),55000.0,Parsippany,NJ
8569,Animalz,"New York, NY 10002 (Lower East Side area)","$40,000 a year",You're a critical thinker who can find compelling and significant arguments and data online. We are a content marketing agency looking to hire an extremely...,Research Analyst,40000.0,New York,NY
8571,Smith Arnold Partners,"New York, NY","$50,000 - $65,000 a year",Growing international custom research supplier is adding a Research Analyst to their growing team as they expand their business. This Research Analyst will,Research Analyst,57500.0,New York,NY
8576,Averity,"New York, NY","$200,000 - $230,000 a year","Enabling our Data Scientists to create products easier with our data. As the Executive Director of Data Engineering, you will be leading our organization's...",Executive Director of Data Engineering,215000.0,New York,NY
8604,New York City Department of Health and Mental Hygi...,"Long Island City, NY 11101","$68,239 a year","Two years as a City Research Scientist Level I can be substituted for the experience required in ""1"" and ""2"" above....",Field Researcher,68239.0,Long Island City,NY
8652,Laguna Source,"New York, NY 10001 (Chelsea area)","$100,000 a year","In this role, you will be a key contributor as well as leading Project Teams comprised of dynamic, highly technical Engineers and Scientists....","Senior Scientist, Upstream Mammalian Cell Culture Developmen...",100000.0,New York,NY
8703,Intelletec LLC,"New York, NY 10001 (Chelsea area)","$140,000 - $180,000 a year","The role will report to the Director of Data Science, and is an integral part the organization, responsible for solving difficult data problems while embracing...",Principal Data Scientist (Cyber Security),160000.0,New York,NY
8706,Datacom Technology Group,"New York, NY 10022 (Midtown area)","$200,000 a year","Should have experience conducting empirical research and working with large fundamental data sets. Will analyze and interpret relevant data, use valuation...",Quantitative Analyst (Fundamental Quant Equities) - Hedge Fu...,200000.0,New York,NY
8707,Synergy Interactive Solutions,"New York, NY","$150,000 a year",Design and implement data visualizations. Work closely with our scientists to understand domain-specific needs. Strong Full Stack Javascript Engineer....,Javascript Engineer,150000.0,New York,NY
8779,Analytic Recruiting,"New York, NY 10017 (Midtown area)","$130,000 - $150,000 a year",Rapidly growing startup seeking Senior Data Scientist to work with the data warehousing and analytics teams to support the analytics practice for top-tier multi...,Director of Data Science and Predictive Modeling,140000.0,New York,NY
8782,Parker and Lynch,"New York, NY","$75,000 - $100,000 a year",Data analysis which includes working with large pools of data and manipulating information to perform analysis for management....,REVENUE ANALYST (STATISTICAL/ ECONOMETRICS MODELING REQUIRED...,87500.0,New York,NY
8783,Averity,"New York, NY","$95,000 - $105,000 a year","As a Data Engineer in our Data Engineering team, you will be work in collaboration with other data engineers and data scientists to help our company maintains...",Big Data Analytics Engineer at Global Company,100000.0,New York,NY
8787,Pro Partners Staffing,"New York, NY","$90,000 a year",Collect Returns and exposure data for performance attribution and risk analysis. Asset Management firm in Manhattan with approx....,Investment Advisory Research Analyst,90000.0,New York,NY
8842,OFFICE OF MANAGEMENT & BUDGET,"Manhattan, NY","$65,433 - $91,588 a year","Work with large datasets and administrative data. Provide research and analytical support, data analysis, and draft documents and presentations related to the...",POLICY AND OPERATIONS RESEARCH | ANALYST,78510.5,Manhattan,NY
8845,Averity,"New York, NY","$200,000 - $230,000 a year","Enabling our Data Scientists to create products easier with our data. First and foremost, as the Executive Director of Data Engineering, you will be leading our...",Executive Director of Data Engineering (Media),215000.0,New York,NY
8902,Spencer Ogden,"New York, NY","$110,000 - $120,000 a year","Urgently seeking Equity Research Analysts, specifically with Power experience, to work for a Private Equity firm within Power and EnergyTech Industry. More",Equity Research Analyst - Power & Utilities,115000.0,New York,NY
8917,Execu | Search,"New York, NY","$100,000 - $150,000 a year",Data collection and analysis. Demonstrated ability to conduct independent research utilizing large data sets....,Machine Learning Researcher,125000.0,New York,NY
8966,Selby Jennings,"New York, NY 10167 (Midtown area)","$175,000 - $300,000 a year",Cover market data feed decoding. An ideal candidate will have had some experience in a similar trading environment but this is not a pre-requisite as the...,VP C++ Low Latency Software Developer,237500.0,New York,NY
9035,Analytic Recruiting,"Alpharetta, GA","$75,000 - $90,000 a year","Junior Data Scientist sought by Fortune 500 company in their Alpharetta, GA offices. Ability to apply logic to design and implement data mining techniques on...",Junior Data Scientist,82500.0,Alpharetta,GA
9728,Dynamic Staffing Inc.,"Seattle, WA","$125,000 a year","Exposure to big data systems (Hadoop, HBASE, Hive), analytical tools (like R), and data designing and modeling tools....",Data Scientist-Software Engineer,125000.0,Seattle,WA
10087,Emory University,"Atlanta, GA","$69,900 a year","The Medical Image Analysis Scientist, works with Emory Radiology & Imaging Sciences faculty to help develop image analysis and image understanding algorithms...","Scientist, Med Imag Analysis",69900.0,Atlanta,GA
14923,Los Angeles County Department of Human Resources,"Los Angeles, CA","$90,598 - $118,819 a year","An in-person proctored written test measuring written expression, data analysis & decision-making/mathematics, and reading comprehension....",HUMAN RESOURCES ANALYST IV - Test Research,104708.5,Los Angeles,CA
14925,QYResearch,"Rowland Heights, CA 91748","$60,000 a year",Analyzing and interpreting data; Identifies marketing opportunities and resolves marketing issues by analyzing market data....,Chemical Industry Market Research Analyst,60000.0,Rowland Heights,CA
16525,Smith Arnold Partners,"Seattle, WA","$50,000 - $65,000 a year",Growing international custom research supplier is adding a Research Analyst to their growing team as they expand their business. This Research Analyst will,Research Analyst,57500.0,Seattle,WA
16664,State of Washington,"Port Orchard, WA","$37,680 - $49,308 a year","The Ecology section at Manchester Environmental Laboratory (MEL) in Port Orchard, Washington currently employs 27 scientists and support staff....",Extractions Technician (Laboratory Technician 2),43494.0,Port Orchard,WA
17670,Harnham,"New York, NY","$180,000 a year","VP, Data Scientist - Banking. Data Scientist | Predictive Models | Machine Learning | Banking. Expertise in utilizing relational databases for data storage and...","VP, Data Scientist - Banking",180000.0,New York,NY
18299,DEPT OF YOUTH & COMM DEV SRVS,"Manhattan, NY","$68,239 - $85,644 a year",Ability to identify and resolve data integrity issues. Manage data collection and conduct quantitative and qualitative analysis....,Capacity Building Analyst,76941.5,Manhattan,NY
18810,ADMIN FOR CHILDREN'S SVCS,"New York, NY","$68,239 - $85,644 a year",Write SQL to query data from Oracle databases. Coordinate and perform data matches with datasets from external agencies....,Predictive Risk Analyst,76941.5,New York,NY
18850,ADMIN FOR CHILDREN'S SVCS,"New York, NY","$68,239 - $85,644 a year",Write SQL to query data from Oracle databases. Coordinate and perform data matches with datasets from external agencies....,Child Welfare Analyst,76941.5,New York,NY
18852,Workbridge Associates,"New York, NY","$110,000 - $170,000 a year","Experience with data manipulation:. Big Data experience such as Hadoop, Spark, Scala, or Cassandra. One of the most successful and industry leading company has...",Senior Machine Learning Engineer,140000.0,New York,NY
36859,Selby Jennings,"Dallas, TX","$150,000 a year",A Top Tier Investment Bank is looking for an experienced risk quant to join their Global Analytics team. This person will be Responsible for independently,Quantitative Analyst - Multiple Vacancies,150000.0,Dallas,TX
36906,Boy Scouts of America,"Irving, TX 75038","$45,000 - $55,000 a year","Performs data audits, compiling and preparing reports. Provides research on special projects and assignments to maintain data integrity of statistical data,...",Senior Statistical Data Coordinator,50000.0,Irving,TX
36913,University of Texas at Dallas,"Richardson, TX","$46,000 - $50,000 a year","A highly motivated postdoctoral fellow, who has good programming skills and extensive genomics/epigeneomics data analysis experience, to study transcriptional...",Research Scientist,48000.0,Richardson,TX
36959,NextStep Recruiting,"Irving, TX 75063","$85,000 a year","NextStep Recruiting is working with a rapidly growing mortgage organization in Irving, TX who requires an experienced pricing analyst, well-versed in",Pricing and Quantitative Analyst,85000.0,Irving,TX
36960,All-In Analytics,"Dallas, TX","$80,000 - $100,000 a year","Senior Marketing Data Scientist. Working knowledge of applications such as R, SAS, SQL, Google Analytics, Tableau or Qlik, Alteryx, and Microsoft Access and...",Senior Marketing Data Scientist,90000.0,Dallas,TX
37036,Selby Jennings,"Dallas, TX","$75,000 - $120,000 a year",This is a Portfolio Analyst with one of the world’s largest asset managers - dedicated to natural catastrophe and weather related risk. Responsibilities,Catastrophe Risk Analyst - Quantitative,97500.0,Dallas,TX
37055,TEKSystems,"Irving, TX","$80,000 - $100,000 a year",Experience working alongside data scientists and business owners to produce custom data sets in a timely manner....,Data Engineer,90000.0,Irving,TX
39828,Workbridge Associates,"Chicago, IL","$130,000 a year",A brand new startup moving its headquarters right downtown is looking for a Lead Data Scientist to join their team....,Senior Data Scientist,130000.0,Chicago,IL
39830,Workbridge Associates,"Chicago, IL","$130,000 a year",Big Data with Hadoop and Hive. A well-established startup in River North is growing a new analytics team and looking to bring on a Data Scientist....,Data Scientist,130000.0,Chicago,IL
39859,Jobspring Partners,"Chicago, IL","$65,000 - $80,000 a year","R and Python for data science. 401k, Healthcare, and Paid Time Off in addition to working in an active and lively environment working with the latest data...",Natural Language Processing Data Scientist,72500.0,Chicago,IL
39875,Workbridge Associates,"Chicago, IL","$180,000 a year","Big Data with Hadoop, Hive, Impala. Mid, Senior, Lead, Data, Scientist, Machine, Learning, Predictive, Analytics, Engineer, Developer, Python, R, Hadoop, Hive,...",Director of Data Science,180000.0,Chicago,IL
39906,Silva Capital Management,"Chicago, IL 60611 (Near North Side area)","$125,000 a year",Silva Capital Management is looking for a junior quantitative analyst whose roles will include modeling stochastic risk factors underlying derivative trades,Quantitative Analyst,125000.0,Chicago,IL
39925,Hirewell,"Chicago, IL","$85,000 a year","Practical ability to visualize data, communicate about the data and utilize it effectively. You will be addressing challenging data science problems by...",Data Scientist,85000.0,Chicago,IL
39932,Smith Hanley Associates,"Chicago, IL","$75,000 - $90,000 a year","-Conduct data mining studies. -Business experience using IRI, Nielsen data. -Ability to work with large and complex data sets....",Statistical Modeler,82500.0,Chicago,IL
39935,Hirewell,"Chicago, IL","$120,000 a year",Bring structure to large quantities of data - turn unstructured data into structured data. Data Extraction Tools:....,Data Scientist -Fitness/Wellness Firm,120000.0,Chicago,IL
39949,Workbridge Associates,"Chicago, IL","$110,000 a year","Ability to work with unstructured healthcare data. A leading provider of healthcare analytics for hospitals, health systems and physicians is looking to grow...",Data Scientist (Healthcare Data),110000.0,Chicago,IL
39980,Metropolitan Water Reclamation District of Greater...,"Chicago, IL","$93,257 - $137,114 a year","Collection, analysis, interpretation and presentation of statistical data; Under professional supervision supervises technical and clerical staff in...",Senior Environmental Soil Scientist,115185.5,Chicago,IL
39984,Smith Hanley Associates,"Chicago, IL","$75,000 - $90,000 a year","Statistical Research Scientist. Provide forecasting of future trends, predictive modeling, sampling, and data estimation....",Statistical Research Scientist,82500.0,Chicago,IL
40054,Jobspring Partners,"Chicago, IL","$100,000 - $120,000 a year",We’ve just received our second round of funding and are excited to put it to good use by bringing on some smart and talented Data Scientists....,Machine Learning Engineer,110000.0,Chicago,IL
40061,Selby Jennings,"Chicago, IL","$135,000 - $165,000 a year","Data Scientist – Big Data/Artificial Intelligence. Build data pipelines using big data technologies like Hadoop, Spark, etc....",Data Scientist – Big Data/Artificial Intelligence,150000.0,Chicago,IL
40072,Huxley Banking & Financial Services,"Chicago, IL","$110,000 a year","My Client, a leading Global Financial Institution is looking to hire a Quantitative Risk Analyst to join their team. The Quantitative Risk Analyst will be",Quantitative Risk Analyst,110000.0,Chicago,IL
40098,S.C. International,"Chicago, IL","$80,000 a year",Extremely successful consulting practice has an immediate need for a Statistical Analyst. Our client is an industry leader in consulting to the healthcare,Statistical Analyst -- Health-7444,80000.0,Chicago,IL
40130,Metropolitan Water Reclamation District of Greater...,"Chicago, IL","$104,674 - $151,358 a year","Collection, analysis, interpretation and presentation of statistical data; Under direction, manages the activities of the Land Reclamation Soil Science Section....",Supervising Environmental Soil Scientist,128016.0,Chicago,IL
40178,Analytic Recruiting,"Chicago, IL","$100,000 - $130,000 a year","Crafting the methodology, to data modeling using tools like SAS, R, SPSS, Python, and ultimately delivering final insightful recommendations....",Manager / Director of Predictive Modeling,115000.0,Chicago,IL
40308,Food Management Search,"Chicago, IL","$75,000 - $95,000 a year","Data, drawing conclusions, documenting,. A technical leadership role providing direction....",Food Scientist MS or PhD - Meat Products,85000.0,Chicago,IL
40323,Jobspring Partners,"Glenview, IL","$80,000 - $120,000 a year",Data visualization experience. Experience using demographic data. You’d essentially be taking the mass amounts of data that the company generates and buys from...,Senior Data Scientist,100000.0,Glenview,IL
40324,InsightsNow Inc.,"Chicago, IL","$50,000 a year",Must have previous experience using Confirmit or other similar survey programming and data collection platforms....,Research Analyst,50000.0,Chicago,IL
40325,Jobspring Partners,"Chicago, IL","$75,000 - $95,000 a year",This mid-sized start needs help building out their product data platform on the backend using Java. New role with a new company....,Software Scientist,85000.0,Chicago,IL
40340,Jobspring Partners,"Chicago, IL","$70,000 - $105,000 a year",Brand new product that is used globally by the top scientists and doctors. This product is making strides in medical genomic research that will organize and...,Quality Engineer (Big Data),87500.0,Chicago,IL
40346,Jobspring Partners,"Chicago, IL","$75,000 - $100,000 a year",Is genomic data something that fascinates and intrigues you? Experience with Genomic data or biological sciences is ideal but not required....,Academic Python Developer,87500.0,Chicago,IL
40460,Rosalind Franklin University of Medicine and Scien...,"Chicago, IL","$62,575 - $78,219 a year","Extracting, transforming, loading, and testing data. The individual will design and develop compelling data visualizations....",Director of Research and Enrollment Information Services/Enr...,70397.0,Chicago,IL
42827,MaxMind,"Waltham, MA","$100,000 a year","The Position As a Data Scientist, your job will be to monitor and fine-tune our fraud detection engine. Data mining / machine learning experience....",Data Scientist,100000.0,Waltham,MA
42830,Domeyard LP,"Boston, MA 02110 (Central area)","$120,000 a year","Familiarity with lock-free and wait-free data structures. Benchmarking, profiling and performance tuning of various algorithms, data structures and numerical...",HPC Scientist at HFT Hedge Fund,120000.0,Boston,MA
42845,Strategic Employment Partners,"Cambridge, MA","$105,000 - $120,000 a year",Work with a small team of other data scientists. Data Scientist to join their growing team and have an immediate impact on the....,Data Scientist,112500.0,Cambridge,MA
42849,"NewAgeSys,Inc","Andover, MA","$45,000 a year",This data is required to elucidate structure-function and to confirm suitable quality of clinical supplies....,Scientist (PFIZER),45000.0,Andover,MA
42851,Jobspring Partners,"Boston, MA 02116 (South End area)","$90,000 - $110,000 a year",Prior experience working in a Data Scientist role. One of the most well-known non-profits in the Boston Area is building out their first Data Science team and...,Data Scientist,100000.0,Boston,MA
42875,Jobspring Partners,"Boston, MA 02116 (South End area)","$75,000 - $110,000 a year","This position is designed to liaise between product teams, software engineers and data scientists to come up with unique and novel prospective on complex data...",Data Analyst,92500.0,Boston,MA
42896,Harnham,"Boston, MA","$145,000 a year","As Data Scientist within this consultancy, you will be ready to travel to client site equipped with gilt-edged professional experience as a data scientist (this...","DATA SCIENTIST, WORLD-CLASS CONSULTANCY ROLE",145000.0,Boston,MA
42935,Harnham,"Boston, MA","$130,000 a year",Data Scientist | Modeler | Statistical Methods | Predictive Analytics |Machine Learning |Advanced. Knowledge of working in open-source/enterprise Big Data...,"DATA SCIENTIST, HEALTHCARE",130000.0,Boston,MA
42939,Northeastern University,"Boston, MA 02115 (Fenway-Kenmore area)","$60,000 a year","Want to develop and apply algorithms for data analysis, machine learning and statistical inference. We are looking for researchers who enjoy working on...",Research Scientist,60000.0,Boston,MA
42941,Harnham,"Boston, MA","$160,000 a year",Data Scientist to work on upcoming greenfield projects. Talented Data Scientist to make a name for themselves....,"DATA SCIENTIST, ECOMMERCE ANALYTICS",160000.0,Boston,MA
42948,Harnham,"Cambridge, MA","$180,000 a year","The role is a linchpin team leading role heading up several groups of data scientists, analysts and researchers supporting a range of products and projects....","DATA SCIENTIST TEAM MANAGER, CUTTING EDGE TECH BUSINESS",180000.0,Cambridge,MA
43016,Jobspring Partners,"Cambridge, MA","$90,000 - $120,000 a year",An understanding of Signal Processing Data. They are looking for a Data Scientist/Engineer who can come in and help the team figure out the best ways to...,Data Scientist/Engineer,105000.0,Cambridge,MA
43226,US Engineering Technical Services,"Wilmington, MA","$110,000 a year","Data preparation, data visualization and presentation of data. ﻿Solve business related problems using advanced data analysis and data driven technologies....",Data Analyst,110000.0,Wilmington,MA
43368,Harnham,"Boston, MA","$200,000 a year","Team management, mentoring & leadership experience overseeing highly-educated data scientists & analysts....",DIRECTOR OF DATA SCIENCE - RETAIL,200000.0,Boston,MA
43370,WinterWyman,"Boston, MA 02114 (Back Bay-Beacon Hill area)","$120,000 a year","Any experience with big data, machine learning, Hadoop, messaging frameworks, etc. is a plus. You will work on consumer and enterprise (SaaS) systems that...","Software Engineers (Scala / Java / Python, Hadoop, Machine L...",120000.0,Boston,MA
43427,Bedford Research Foundation,"Bedford, MA 01730","$35,000 - $50,000 a year","Email, word processing, data entry, internet searches. Experience and major areas of research as a Scientist. Excellent organizational skills, a willingness to...",SPAR Program Coordinator,42500.0,Bedford,MA
43460,"Engineering Resource Group, Inc.","Boston, MA 02122 (South Dorchester area)","$85,000 - $110,000 a year","Minimum 3 years experience working as a data scientist, or in a similar quantitative field. At least one year experience and a proven track record of leading...",Lead Machine Learning Data Analyst,97500.0,Boston,MA
43551,LIBERTY MUTUAL GROUP,"Boston, MA","$98,800 - $126,700 a year",Familiarity with statistical modeling and advanced data analytics. You’ll have the opportunity to work in an Agile environment to collaborate closely with other...,Senior Software Developer,112750.0,Boston,MA
43578,Selby Jennings,"Boston, MA","$75,000 - $120,000 a year",This is for a Portfolio Analyst with one of the world’s largest asset managers - dedicated to natural catastrophe and weather related risk. Responsibilities,Catastrophe Risk Analyst - Quantitative,97500.0,Boston,MA
43615,Commonwealth of Massachusetts,"Maynard, MA","$36,381 - $48,462 a year",Grade at the Forensic Scientist II or higher. Procedures to provide data for use in research or scientific experiments;...,Laboratory Technician I,42421.5,Maynard,MA
43623,Commonwealth of Massachusetts,"Boston, MA","$47,860 - $67,712 a year","Compile data from source documents and convert to acceptable format via data entry, optical scanner and data software programs....",Research Analyst I,57786.0,Boston,MA
43653,Domeyard LP,"Boston, MA 02110 (Central area)","$120,000 a year","Familiarity with lock-free and wait-free data structures. Benchmarking, profiling and performance tuning of various algorithms, data structures and numerical...",High Performance Computing Scientist needed for HFT Firm,120000.0,Boston,MA
43669,LIBERTY MUTUAL GROUP,"Boston, MA","$108,900 - $161,000 a year",Drive Predictive Analytics strategy in Personal Insurance Claims by presenting recommendations and analyses to senior and executive level management at Liberty...,"Assistant Director, Predictive Modeling",134950.0,Boston,MA
43744,Rifiniti,"Boston, MA","$55,000 a year","We have a dynamic startup team, consisting of data scientists, software developers, systems administrators, sales representatives, and support personnel....",Assistant to the President,55000.0,Boston,MA
43758,Jobspring Partners,"Boston, MA 02116 (South End area)","$100,000 - $110,000 a year","One of Boston’s top Universities is looking for a Senior Software Engineer to join their talented bioinformatics team including Data Scientists, medical doctors...",Senior Software Engineer - API Development,105000.0,Boston,MA
43775,Analytic Recruiting,"Boston, MA","$90,000 - $130,000 a year",Analyst or Manager will leverage data assets to optimize profitability and improve consumer and small banking customer experience....,Quantitative Analyst or Manager Decision Sciences,110000.0,Boston,MA
43834,The Bivium Group,"Boston, MA","$80,000 - $130,000 a year","Also, opportunistically interested in seeing hot $h*t Data Scientists. Small team ( >10) of software engineers and data scientists with startup backgrounds....",Software Engineers (junior to mid-level) Python/Flask/Angula...,105000.0,Boston,MA
43955,The Bivium Group,"Cambridge, MA","$90,000 - $140,000 a year",Jamie is a top ranked technical recruiter in Boston with 70+ Recommendations on LinkedIn that has been expertly recruiting and placing Software Engineers and...,"Software Engineers - new consumer mobile app, learn iOS, And...",115000.0,Cambridge,MA
43985,Commonwealth of Massachusetts,"Boston, MA","$54,792 - $77,430 a year","Compiles statistics for monthly test volumes, inventory, budget needs, quality control/linearity data and other information needed to ensure uninterrupted...",Hematology Supervisor,66111.0,Boston,MA
44004,Workbridge Associates,"Boston, MA","$110,000 - $170,000 a year","Experience with data manipulation:. Big Data experience such as Hadoop, Spark, Scala, or Cassandra. One of the most successful and industry leading company has...",Senior Machine Learning Engineer,140000.0,Boston,MA
44077,Commonwealth of Massachusetts,"Boston, MA","$65,232 - $92,625 a year","Record of working with multiple data sources and combining data in multiple formats; Utilize multi-source data in collaboration with contractors, develop...",Research Data Analyst,78928.5,Boston,MA
44110,Neurable,"Cambridge, MA","$90,000 - $120,000 a year","Experience working with real-time data, large datasets, brain-computer Interface, and/or EEG data is preferred....",Machine Learning Engineer,105000.0,Cambridge,MA
44221,National Staffing Consultants,"Lowell, MA","$170,000 a year",Interfaces with physicians and scientists for study conduct and regulatory compliance for investigator sponsored trials in a global environment....,Associate Director Medical Information,170000.0,Lowell,MA
44226,Selby Jennings,"Boston, MA","$80,000 - $160,000 a year","Work across desks/departments to gather information and complete necessary analysis of data. The Senior Quantitative Analyst will play a key role in assessing,...",Senior Quantitative Analyst,120000.0,Boston,MA
44282,Fanning Personnel,"Boston, MA 02116 (South End area)","$95,000 a year","Work with other members of the firm regarding investment research, analytics, asset allocation, risk and economic data Qualifications :....",Senior Research Analyst,95000.0,Boston,MA
44298,The Bivium Group,"Cambridge, MA","$75,000 - $140,000 a year",Jamie is a top ranked technical recruiter in Boston with 70+ Recommendations on LinkedIn that has been expertly recruiting and placing Software Engineers and...,"Front-End Developer, new web products and apps, learn mobile",107500.0,Cambridge,MA
44308,Rowland Institute at Harvard,"Cambridge, MA","$45,000 - $50,000 a year","The Institute brings together talented scientists spanning biomedical engineering and nanotechnology to optical systems design and neuroscience, and provides...","Neuroscience Postdoctoral Fellow at the Rowland Institute, H...",47500.0,Cambridge,MA
48840,Centers for Disease Control and Prevention,"Atlanta, GA","$88,305 - $114,802 a year","Assess data for completeness, accuracy, and quality. Identify and apply analytical methods, techniques, and tools to analyze and interpret data....",Statistician (Health),101553.5,Atlanta,GA
48848,Centers for Disease Control and Prevention,"Atlanta, GA","$74,260 - $96,538 a year","As Behavioral Scientist you will:. Identify and define the behavioral and social science aspects of public health issues, problems and opportunities through the...",Behavioral Scientist,85399.0,Atlanta,GA
48902,SearchAccountingJobs,"Atlanta, GA","$150,000 - $205,000 a year","The client is looking for talented individuals who love data, love solving business problems, and want to see their recommendations in action....",Lead Quantitative Analyst,177500.0,Atlanta,GA
48903,Smith Hanley Associates,"Atlanta, GA","$75,000 - $100,000 a year","-Post degree business based experience doing data mining and statistical modeling. -Scope projects, extract and transform data using SAS, R and other...",Marketing Statistician,87500.0,Atlanta,GA
52839,Workbridge Associates,"San Jose, CA 95113 (Downtown area)","$150,000 - $180,000 a year","This is a small team of engineers, UX Designers, UX Researchers and Data Scientists working on developing autonomous driving technology to sell to the auto...","Principal UX Designer, Autonomous Driving",165000.0,San Jose,CA
53229,Workbridge Associates,"Palo Alto, CA","$120,000 - $150,000 a year","This candidate would be working with Engineers, Data Scientists, Architects, and Industrial Designers....","UX Designer, IoT Lab",135000.0,Palo Alto,CA
53235,Jobspring Partners,"Redwood City, CA","$140,000 - $165,000 a year","Proficiency in CAD (Solidworks) and data analysis. Come join a unique collection of innovative scientists, engineers, market makers, designers, doctors,...",Automation Engineering Manager (Mechanical/Hardware - Medica...,152500.0,Redwood City,CA
53263,Jobspring Partners,"San Jose, CA 95113 (Downtown area)","$130,000 - $160,000 a year",Our Client is a Silicon Valley Startup That creates 3D Human Computing Interaction Hardware and Software for AR and VR experiences. They’re innovators in,Lead Firmware Engineer (AR/VR | Head Tracking | CV | Machine...,145000.0,San Jose,CA
54956,Workbridge Associates,"San Francisco, CA","$150,000 - $180,000 a year",Data Scientist with a programming background. You will be working closely with the Data Engineering team using Machine Learning and doing data exploration....,Sr. Data Scientist,165000.0,San Francisco,CA
55512,Workbridge Associates,"Berkeley, CA","$140,000 - $170,000 a year",The Machine Learning Operations group within the autonomous vehicle research division is seeking a Lead Data Analyst that will work closely with data scientists...,Lead Data Analyst (Machine Learning Operations) - Autonomous...,155000.0,Berkeley,CA
55785,Even,"Oakland, CA","$34,142 a year",Work side by side with data scientists and researchers to understand the problems you’re solving and whether your solutions are helping....,Full-stack designer,34142.0,Oakland,CA
55846,NelsonJobs,"Walnut Creek, CA","$100,000 a year","Business Analyst / Junior Data Scientist. Familiar with data visualization and communication. Our healthcare software client in Walnut Creek, CA is looking for...",Business Analyst / Junior Data Scientist,100000.0,Walnut Creek,CA
56018,Workbridge Associates,"San Francisco, CA","$140,000 - $180,000 a year",A text mining and big data startup is looking to bring on a Senior Data Scientist. The rapidly growing company is using NLP techniques to gather data from the...,Senior Data Scientist (NLP),160000.0,San Francisco,CA
56097,Nano Precision Medical,"Emeryville, CA","$93,000 - $135,000 a year","Experience with large amounts of analytical data and automated data processing tools. We are looking for a hands-on, experienced scientist with a background in...",Analytical Chemist,114000.0,Emeryville,CA
56308,Harvey Nash USA,"San Francisco, CA","$120,000 - $160,000 a year",Work with Data Scientists to design and run user experiments to help gauge the impact of new features. Work closely with our amazing product design team to...,"Software Engineer - Front End (JavaScript, React, Angular)",140000.0,San Francisco,CA
56310,Blue Owl,"San Francisco, CA","$200,000 - $300,000 a year","Experience working closely with data scientists. Created geospatial services before, such as maps data, routing and travel time prediction algorithms, traffic...",Save lives as a software engineer,250000.0,San Francisco,CA
56320,Workbridge Associates,"San Francisco, CA","$150,000 - $190,000 a year",A leading healthcare startup is looking to bring on a Senior Data Scientist to their team. Knowledgeable with Big Data Solutions such as Hadoop or Spark....,Lead Data Scientist,170000.0,San Francisco,CA
63829,Harnham,"New York, NY","$170,000 a year",Senior Data Scientist - Bio-tech. Senior Data Scientist | Data Scientist | Bio-tech | Biostatistics | Computer Science | Machine Learning....,Senior Data Scientist - Bio-tech,170000.0,New York,NY
63888,Averity,"New York, NY","$100,000 - $120,000 a year","As a Senior Statistician, you will be proficient in SAS and SQL and will utilize your big data and predictive modeling skills to analyze, manipulate and...",Senior Statistician for Fortune 500 Company,110000.0,New York,NY
63954,Averity,"New York, NY","$120,000 - $140,000 a year","As a Lead Data Scientist in our Operational Analytics team, you will have extensive experience with machine learning techniques, data analysis and predictive...",Lead Data Scientist,130000.0,New York,NY
64085,"NewAgeSys,Inc","Parsippany, NJ","$45,000 a year",Working knowledge of both computer and/or data handling acquisition systems is necessary and required. All Resumes reviewed Candidates MUST HAVE 3+ years with...,Scientist,45000.0,Parsippany,NJ
64255,DEPT OF ENVIRONMENT PROTECTION,"New York, NY","$59,708 - $72,246 a year","S/he should be fluent in ArcGIS 10.x, extensions, and add-ins, with the ability to create high quality maps and perform spatial analyses, experience in managing...",Environmental Analyst,65977.0,New York,NY
64470,Geode Executive Search,"New York, NY","$200,000 a year","Data Scientist - Text Analytics - SQL, R, SAS*. The ~600 person company has a relatively new Data Analytics department, which has the responsibility of...","Data Scientist - Text Analytics - SQL, R, SAS",200000.0,New York,NY
64492,Workbridge Associates,"New York, NY","$90,000 - $140,000 a year","Any other experience within data scalability, data validation, data modeling, and data mining HUGE, HUGE plus!!...",Data Scientist,115000.0,New York,NY
64592,Selby Jennings,"New York, NY 10167 (Midtown area)","$120,000 a year",A Top Tier Investment Bank is looking for an experienced risk quant to join their Global Analytics team. This person will be Responsible for independently,Quantitative Analyst - Credit Risk,120000.0,New York,NY
64657,DEPT OF HEALTH/MENTAL HYGIENE,"Manhattan, NY","$70,286 - $88,213 a year",Assist Lead Scientist for Surveys with preparing and analyzing data on various studies; The Research and Survey Unit is seeking a City Research Scientist II...,"Recruitment Coordinator, World Trade Center Health Registry",79249.5,Manhattan,NY
65016,Green Key Resources,"New York, NY 10016 (Gramercy area)","$70,000 - $90,000 a year","Screen marketplace quality through analysis of data points, analysis of third party reporting and manual checks of publishers and data sources....",Research Analyst,80000.0,New York,NY
65147,Columbia University,"New York, NY","$40,480 a year","Processes, organizes and summarizes data, reporting experiment results using a variety of scientific, word processing, spreadsheet or statistical software...",Research Staff Assistant,40480.0,New York,NY
65175,Averity,"New York, NY","$90,000 - $100,000 a year",Are you a Mid-level Data Scientist looking to join a top ranked global travel company? This is an opportunity for an experienced Data Scientist to work at a top...,Mid-level Data Scientist For Top Travel Company,95000.0,New York,NY
65209,Selby Jennings,"New York, NY 10167 (Midtown area)","$120,000 - $180,000 a year",This is a Portfolio Analyst with one of the world’s largest asset managers - dedicated to natural catastrophe and weather related risk. Responsibilities,Catastrophe Risk Analyst - Quantitative,150000.0,New York,NY
65253,Workbridge Associates,"New York, NY","$130,000 - $150,000 a year","The ideal candidate coming in would develop machine learning, data mining, statistical, and graph-based algorithms designed to analyze massive data sets;...",Lead Data Scientist,140000.0,New York,NY
65255,Selby Jennings,"New York, NY 10167 (Midtown area)","$150,000 - $250,000 a year","Extract and analyze data from large, complex data sets. Experience manipulating large, complex data sets. Fluency in some selection of programming languages and...",Quantitative Research – Machine Learning,200000.0,New York,NY
69818,Selby Jennings,"Chicago, IL","$125,000 - $175,000 a year",Senior Data Scientist | Management Consulting Firm. A leading Management consulting and accounting firm is seeking to add Data Scientists to their Greenfield...,Senior Data Scientist,150000.0,Chicago,IL
70012,Smith Hanley Associates,"Evanston, IL","$60,000 - $75,000 a year",Present data findings to management and senior leadership. 2 to 3 years of statistical and data analysis work experience required....,Statistical Analyst,67500.0,Evanston,IL
70015,Analytic Recruiting,"Chicago, IL","$140,000 a year",Take analytical objectives and define data requirements. Analytics Firm seeking a Data Scientist to consult to clients and implement advanced statistical and...,Lead Data Scientist,140000.0,Chicago,IL
70058,Jobspring Partners,"Chicago, IL","$110,000 - $130,000 a year","Seeking a Data Scientist who has experience with Python, SQL, AWS/Google Cloud, PyData stack, and any exposure with Torch or Tensorflow is a huge plus!...",Data Scientist,120000.0,Chicago,IL
70147,Workbridge Associates,"Chicago, IL","$70,000 - $90,000 a year",Interest in big data pipelines and advanced data analytics. The products you'll build will be utilized by research scientists around the globe to further cancer...,Python Software Engineer,80000.0,Chicago,IL
70241,GinasTechJobs.com,"Chicago, IL","$180,000 a year",Define and implement data collection and data acquisition methods. Experience with big data or with automated trading is a plus....,Associate Quantitative Research Analyst,180000.0,Chicago,IL
70267,GinasTechJobs.com,"Chicago, IL","$180,000 a year",Define and implement data collection and data acquisition methods. Experience with big data or with automated trading is a plus. Quantitative Research Analyst....,Quantitative Research Analyst,180000.0,Chicago,IL
70357,Washington Frank,"Chicago, IL 60290 (Loop area)","$80,000 - $200,000 a year","Data Scientist- Machine Learning -- IL $80,000-$200,000+ BONUS. The Data Scientist will work with SME from different business units to define and develop...","Data Scientist- Machine Learning -- IL $80,000-$200,000+ BON...",140000.0,Chicago,IL
72797,"NewAgeSys,Inc","Cambridge, MA","$50,000 a year","The successful candidate will be expected to generate and analyze high quality data, contribute to meetings, and report findings effectively by oral and written...",Scientist (Novartis),50000.0,Cambridge,MA
72799,Jobspring Partners,"Boston, MA 02116 (South End area)","$150,000 a year",Senior Data Scientist Job Description. Looking for a Senior Data Scientist willing to pay up to $150K. Experience with data analytics....,Senior Data Scientist,150000.0,Boston,MA
72850,Jobspring Partners,"Boston, MA 02116 (South End area)","$80,000 - $100,000 a year",One of Newton’s fastest growing SaaS companies is looking for a data scientist to build predictive models and run analytics for customer data for restaurants....,Data Analysis,90000.0,Boston,MA
72982,Jobspring Partners,"Boston, MA 02116 (South End area)","$140,000 - $200,000 a year",Stealth mode start up in downtown in Boston is looking to add a lead Data Scientist to super charge their cutting edge NLP platform....,Deep Learning Engineer,170000.0,Boston,MA
73425,The Bivium Group,"Cambridge, MA","$110,000 - $140,000 a year","Company is seeking a new Data Engineer with strong data cloud services (EC2, AWS APIs) and restful services -- experience with data storage and retrieval...","Data Engineer - Big Data Services, AWS",125000.0,Cambridge,MA
73561,Commonwealth of Massachusetts,"Boston, MA","$55,017 - $78,763 a year","Enters data into surveillance, reporting and inventory systems. Maintains systems that facilitate data collection and reporting and tracks data for completeness...",Research Analyst III,66890.0,Boston,MA
73575,Strategic Employment Partners,"Boston, MA","$170,000 a year",Build new data models. Well-established financial advisory/hedge fund is growing its team and hiring a Data Scientist with significant experience programming in...,Data Scientist,170000.0,Boston,MA
73642,The Bivium Group,"Cambridge, MA","$90,000 - $140,000 a year", Willingness to engage in necessary data fussing.  Will develop solutions that read large volumes of data and produce insights in real time....,"Data Scientist - healthcare, hacking coding skills",115000.0,Cambridge,MA
74001,Pointillist,"Boston, MA","$180,000 a year","We are a group of Data Scientists, Developers, and Start up veterans with a single obsession:. Vice President Business Development & Sales – Pointillist*....",Vice President Business Development & Sales,180000.0,Boston,MA
74123,Selby Jennings,"Boston, MA","$80,000 - $160,000 a year","Work across desks/departments to gather information and complete necessary analysis of data. The Senior Quantitative Analyst will play a key role in assessing,...",Quantitative Analyst Sr,120000.0,Boston,MA
74281,The Bivium Group,"Framingham, MA","$80,000 - $130,000 a year",Company has several talented data scientists and want someone that is front-end focused and has built dynamic front-ends for visualizing data....,Data Visualization Developer - all new d3 based development,105000.0,Framingham,MA
76893,Jobspring Partners,"Palo Alto, CA","$150,000 - $170,000 a year","A fast growing health startup company is looking for a Data Scientist and is willing to pay up to $170,000. There will be many roles filled over the next few...",Backend Engineer- cool startup in Palo Alto,160000.0,Palo Alto,CA
77025,Workbridge Associates,"Santa Clara, CA","$150,000 - $180,000 a year","This is a small team of engineers, UX Designers, UX Researchers and Data Scientists working on developing autonomous driving technology to sell to the auto...","Principal UX Designer, Autonomous Driving",165000.0,Santa Clara,CA
